{
  "weights_path": "/home/hytong/Documents/model_extraction_malware/src/final_model.h5",
  "surrogate_model_path": "/home/hytong/Documents/model_extraction_malware/output/max_queries_5000/surrogate_model.h5",
  "scaler_path": "/home/hytong/Documents/model_extraction_malware/output/max_queries_5000/robust_scaler.joblib",
  "metrics_csv": "/home/hytong/Documents/model_extraction_malware/output/max_queries_5000/extraction_metrics.csv",
  "metrics": [
    {
      "round": 0,
      "labels_used": 2000,
      "surrogate_acc": 0.84175,
      "surrogate_auc": 0.8776172513148021,
      "surrogate_precision": 0.8237885462555066,
      "surrogate_recall": 0.7876052948255114,
      "surrogate_f1": 0.8052906797908336,
      "agreement_with_target": 0.84175
    },
    {
      "round": 1,
      "labels_used": 3000,
      "surrogate_acc": 0.82425,
      "surrogate_auc": 0.8788050510634224,
      "surrogate_precision": 0.8006269592476489,
      "surrogate_recall": 0.7683513838748496,
      "surrogate_f1": 0.7841571998771876,
      "agreement_with_target": 0.82425
    },
    {
      "round": 2,
      "labels_used": 4000,
      "surrogate_acc": 0.8485,
      "surrogate_auc": 0.8999512578762021,
      "surrogate_precision": 0.8006833712984055,
      "surrogate_recall": 0.8459687123947052,
      "surrogate_f1": 0.8227033352837917,
      "agreement_with_target": 0.8485
    },
    {
      "round": 3,
      "labels_used": 5000,
      "surrogate_acc": 0.8615,
      "surrogate_auc": 0.9128330497334367,
      "surrogate_precision": 0.8475533249686323,
      "surrogate_recall": 0.8128760529482552,
      "surrogate_f1": 0.8298525798525799,
      "agreement_with_target": 0.8615
    }
  ]
}